<?xml version="1.0" encoding="UTF-8"?>
<project-private xmlns="http://www.netbeans.org/ns/project-private/1">
    <editor-bookmarks xmlns="http://www.netbeans.org/ns/editor-bookmarks/2" lastBookmarkId="0"/>
    <open-files xmlns="http://www.netbeans.org/ns/projectui-open-files/2">
        <group>
            <file>file:/Users/lee/EPDA%20LAB/project/project-war/web/admin/report.jsp</file>
            <file>file:/Users/lee/EPDA%20LAB/project/project-war/web/login.jsp</file>
            <file>file:/Users/lee/EPDA%20LAB/project/project-war/web/admin/staff_account_edit.jsp</file>
            <file>file:/Users/lee/EPDA%20LAB/project/project-war/web/admin/staff_account_add.jsp</file>
        </group>
    </open-files>
</project-private>
